NSE_overall,KGE_overall,NSE_yearly_mean,KGE_yearly_mean
0.7654897538184807,0.8405493739115064,0.6853534334304688,0.7449972300875849
